,ratio,sensitiveType
0,0.576271186440678,W
1,0.19491525423728814,H
2,0.2288135593220339,B
